{"categorical_features_2_remove": [], "numerical_features_2_remove": ["numerical_pipe__SibSp"], "mutual_information": {"categorical_pipe__Sex_male": 0.14252642234783797, "numerical_pipe__Fare": 0.13007051032519423, "categorical_pipe__Cabin_missing": 0.05989925218176606, "categorical_pipe__Pclass_3": 0.042092280263634985, "numerical_pipe__IsAlone": 0.03409074972758508, "numerical_pipe__Age": 0.02350527096271815, "numerical_pipe__SibSp": 0.004577453257693653, "categorical_pipe__Pclass_2": 0.0}}