{"accuracy": 0.8340807174887892, "f1": 0.7549668874172185, "recall": 0.7307692307692307, "precision": 0.7808219178082192, "roc_auc": 0.8625994694960212}