{"rf":{"f1":0.7549668874,"accuracy":0.8340807175,"roc":0.865959328},"ab":{"f1":0.7012987013,"accuracy":0.7937219731,"roc":0.8347480106},"gb":{"f1":0.7083333333,"accuracy":0.8116591928,"roc":0.850265252},"ml":{"f1":0.7346938776,"accuracy":0.8251121076,"roc":0.8440760389},"kn":{"f1":0.7375,"accuracy":0.8116591928,"roc":0.859372237},"hg":{"f1":0.690647482,"accuracy":0.8071748879,"roc":0.8435455349}}