{"f1": 0.9169960474308301, "accuracy": 0.937125748502994, "roc_auc_score": 0.9865127137713771, "classificatio_report": {"0": {"precision": 0.9248826291079812, "recall": 0.9752475247524752, "f1-score": 0.9493975903614458, "support": 404.0}, "1": {"precision": 0.9586776859504132, "recall": 0.8787878787878788, "f1-score": 0.9169960474308301, "support": 264.0}, "accuracy": 0.937125748502994, "macro avg": {"precision": 0.9417801575291973, "recall": 0.9270177017701771, "f1-score": 0.9331968188961379, "support": 668.0}, "weighted avg": {"precision": 0.9382387593570862, "recall": 0.937125748502994, "f1-score": 0.9365921901613222, "support": 668.0}}}