{"fold":{"0":0,"1":1,"2":2,"3":3,"4":4},"score":{"0":0.0091324201,"1":0.00456621,"2":0.0136986301,"3":0.0182648402,"4":0.00456621}}