{"fold":{"0":0,"1":1,"2":2,"3":3,"4":4},"score":{"0":0.6696104837,"1":0.742735856,"2":0.6138012137,"3":0.7041099456,"4":0.6997777472}}