{"numerical_features_2_remove": [], "mutual_information": {"categorical_pipe__Heating_GasA": 3.4647834436097646, "categorical_pipe__GarageCond_TA": 3.0286365954356342, "categorical_pipe__SaleType_WD": 3.0017335318657374, "categorical_pipe__CentralAir_Y": 2.810270963469364, "categorical_pipe__GarageQual_TA": 2.6228241118062954, "categorical_pipe__BsmtCond_TA": 2.5228546909308847, "categorical_pipe__SaleCondition_Normal": 2.4860747623803605, "numerical_pipe__FullBath": 2.3392580280371633, "categorical_pipe__ExterQual_TA": 2.143209709547927, "categorical_pipe__MSZoning_RL": 1.9707065732783855, "categorical_pipe__BsmtExposure_No": 1.4921227219043338, "categorical_pipe__KitchenQual_TA": 1.3743287340674053, "numerical_pipe__OverallQual": 1.1760184500810036, "categorical_pipe__GarageType_Attchd": 1.1454184096573616, "categorical_pipe__BsmtQual_Gd": 1.0870180438465047, "numerical_pipe__BedroomAbvGr": 1.0855173338340416, "categorical_pipe__BsmtQual_TA": 0.9769931708699309, "categorical_pipe__Foundation_CBlock": 0.8138663438593978, "categorical_pipe__KitchenQual_Gd": 0.7562322111172248, "categorical_pipe__ExterQual_Gd": 0.6933684277142858, "categorical_pipe__GarageFinish_Unf": 0.6747808356800409, "categorical_pipe__Foundation_PConc": 0.5961209516915513, "numerical_pipe__GrLivArea": 0.42262374813755166, "categorical_pipe__GarageFinish_RFn": 0.3306194509888023, "numerical_pipe__HalfBath": 0.3195818853758592, "numerical_pipe__YearBuilt": 0.309946407744353, "numerical_pipe__GarageArea": 0.29409007511912844, "categorical_pipe__GarageType_Detchd": 0.2715368752324707, "numerical_pipe__TotalBsmtSF": 0.24736447802188444, "numerical_pipe__YearRemodAdd": 0.22486550342847966, "numerical_pipe__1stFlrSF": 0.20731508115786568, "numerical_pipe__LotArea": 0.18341194154872031, "numerical_pipe__MasVnrArea": 0.179642599755371, "categorical_pipe__GarageFinish_Fin": 0.16916170546295017, "numerical_pipe__OpenPorchSF": 0.14524570416817806, "numerical_pipe__2ndFlrSF": 0.1114983826522522, "numerical_pipe__BsmtFinSF1": 0.10929113819760694, "numerical_pipe__WoodDeckSF": 0.10860500637654713, "categorical_pipe__MSZoning_RM": 0.0983306433900788, "categorical_pipe__BsmtExposure_Rare": 0.063126693865172}}