{"numerical_features_2_remove": ["numerical_pipe__MSSubClass", "numerical_pipe__OverallCond", "numerical_pipe__BsmtFullBath", "numerical_pipe__MoSold", "numerical_pipe__YrSold", "numerical_pipe__BsmtFinSF2", "numerical_pipe__EnclosedPorch"], "mutual_information": {"categorical_pipe__CentralAir_Y": 3.433535059340111, "categorical_pipe__Heating_GasA": 3.3082550851860044, "categorical_pipe__LandSlope_Gtl": 3.255586303456411, "categorical_pipe__RoofMatl_CompShg": 3.2545745603464775, "categorical_pipe__Functional_Typ": 2.9345453172836726, "categorical_pipe__SaleType_WD": 2.8574310715151863, "categorical_pipe__PavedDrive_Y": 2.802844334357475, "categorical_pipe__LandContour_Lvl": 2.6831815266017434, "categorical_pipe__Electrical_SBrkr": 2.6474610159209253, "categorical_pipe__BsmtCond_TA": 2.640867391499209, "categorical_pipe__SaleCondition_Normal": 2.632190524243888, "categorical_pipe__ExterCond_TA": 2.6035012705265115, "categorical_pipe__GarageCond_TA": 2.5677297629955826, "categorical_pipe__BldgType_1Fam": 2.559864702736102, "categorical_pipe__Neighborhood_Rare": 2.498353677242344, "categorical_pipe__GarageQual_TA": 2.417938119443192, "numerical_pipe__FullBath": 2.267449234878693, "numerical_pipe__GarageCars": 1.9335871385857173, "categorical_pipe__MSZoning_RL": 1.9196488481548295, "categorical_pipe__ExterQual_TA": 1.828026766825272, "categorical_pipe__LotShape_Reg": 1.4093624349200553, "categorical_pipe__BsmtExposure_No": 1.378178737562446, "categorical_pipe__LotConfig_Inside": 1.3671062436566137, "categorical_pipe__KitchenQual_TA": 1.3434710040509374, "numerical_pipe__BedroomAbvGr": 1.1443468457365462, "numerical_pipe__OverallQual": 1.0958853354279414, "categorical_pipe__GarageType_Attchd": 1.0796613039430953, "categorical_pipe__BsmtQual_Gd": 1.0602338520449015, "categorical_pipe__FireplaceQu_missing": 0.9809770185171196, "numerical_pipe__Fireplaces": 0.9372819784325941, "categorical_pipe__BsmtQual_TA": 0.9034246510094883, "categorical_pipe__Foundation_CBlock": 0.8626045996490488, "categorical_pipe__GarageFinish_Unf": 0.8365881545631977, "categorical_pipe__HeatingQC_Ex": 0.7131397878022536, "categorical_pipe__Foundation_PConc": 0.7054144069211903, "numerical_pipe__OverallCond": 0.7037735170070674, "categorical_pipe__KitchenQual_Gd": 0.6495796548285799, "categorical_pipe__ExterQual_Gd": 0.6136645428013852, "numerical_pipe__TotRmsAbvGrd": 0.5664033239680943, "categorical_pipe__HouseStyle_1Story": 0.5123556121388422, "numerical_pipe__GrLivArea": 0.42373932862010744, "numerical_pipe__BsmtFullBath": 0.4097491367275783, "numerical_pipe__HalfBath": 0.3782300024877987, "numerical_pipe__MSSubClass": 0.3188311795393055, "numerical_pipe__YearBuilt": 0.30372302197143775, "numerical_pipe__GarageArea": 0.29480695708140914, "categorical_pipe__HeatingQC_TA": 0.2935044696692293, "numerical_pipe__YrSold": 0.2813949164805454, "categorical_pipe__FireplaceQu_TA": 0.27366679442681185, "num_pipe_2__LotFrontage": 0.26951198285291955, "numerical_pipe__YearRemodAdd": 0.24833121010412995, "num_pipe_2__TotalBsmtSF": 0.24795666653710846, "categorical_pipe__GarageType_Detchd": 0.22857065615217476, "num_pipe_2__1stFlrSF": 0.20701400322267638, "categorical_pipe__GarageFinish_Fin": 0.20644204932098198, "numerical_pipe__GarageYrBlt": 0.19293856800177434, "num_pipe_2__LotArea": 0.18921361168303186, "categorical_pipe__GarageFinish_RFn": 0.17971049074609446, "num_pipe_2__MasVnrArea": 0.15559832272110974, "categorical_pipe__MSZoning_RM": 0.15052942650643253, "num_pipe_2__OpenPorchSF": 0.1426787683706996, "num_pipe_2__2ndFlrSF": 0.1252078717735987, "num_pipe_2__WoodDeckSF": 0.11057878363900198, "num_pipe_2__BsmtFinSF1": 0.10227935213369221, "categorical_pipe__HeatingQC_Gd": 0.07532782361701873, "categorical_pipe__HouseStyle_1.5Fin": 0.04863650660219676, "numerical_pipe__EnclosedPorch": 0.04091843600132794, "categorical_pipe__LotConfig_Corner": 0.035460368365323625, "categorical_pipe__BsmtExposure_Rare": 0.03325160932854487, "categorical_pipe__HouseStyle_Rare": 0.032476368218343765, "categorical_pipe__ExterCond_Gd": 0.030450805009575532, "numerical_pipe__MoSold": 0.028192805946703814, "categorical_pipe__Condition1_Rare": 0.010913835519080095, "numerical_pipe__BsmtUnfSF": 0.007704250433681281, "categorical_pipe__FireplaceQu_Rare": 0.0, "numerical_pipe__BsmtFinSF2": 0.0, "categorical_pipe__LotShape_Rare": 0.0}}