{"numerical_features_2_remove": [], "mutual_information": {"categorical_pipe__Heating_GasA": 3.29106467575394, "categorical_pipe__CentralAir_Y": 3.0837755273179512, "categorical_pipe__SaleType_WD": 3.0096491923670556, "categorical_pipe__GarageQual_TA": 2.7038133964733606, "categorical_pipe__BsmtCond_TA": 2.4905028879079563, "numerical_pipe__FullBath": 2.1878114523485888, "categorical_pipe__ExterQual_TA": 1.7698670317729412, "categorical_pipe__KitchenQual_TA": 1.3422820974526815, "numerical_pipe__OverallQual": 1.1121823239981428, "categorical_pipe__BsmtQual_TA": 1.1108109099504873, "numerical_pipe__BedroomAbvGr": 1.0998168881226151, "categorical_pipe__BsmtQual_Gd": 0.9669793756446552, "categorical_pipe__Foundation_CBlock": 0.8034408065292169, "categorical_pipe__KitchenQual_Gd": 0.7332633159572852, "categorical_pipe__Foundation_PConc": 0.6977439083003425, "categorical_pipe__ExterQual_Gd": 0.6727631460557548, "categorical_pipe__GarageFinish_Unf": 0.6695287342719993, "numerical_pipe__GrLivArea": 0.42313949538268236, "numerical_pipe__YearBuilt": 0.30775601355920035, "numerical_pipe__HalfBath": 0.27038693416039106, "numerical_pipe__GarageAreaMod": 0.2678087315902973, "numerical_pipe__TotalBsmtSF": 0.25000047395044955, "categorical_pipe__GarageFinish_RFn": 0.2365060847986351, "numerical_pipe__1stFlrSF": 0.2070159227316024, "numerical_pipe__MasVnrArea": 0.17621780342229965, "categorical_pipe__GarageFinish_Fin": 0.16481897578980753, "numerical_pipe__OpenPorchSF": 0.15153720425534356, "numerical_pipe__WoodDeckSF": 0.12003232581890355, "numerical_pipe__BsmtFinSF1": 0.11989286423238266}}