{"rmse": 48663.74815826416, "r2": 0.5346110935396806, "mape": 0.2056522982543656}