{"rmse": 34163.14972137378, "r2": 0.7706383926595647, "mape": 0.1745381938681265}