{"rf":{"r2":0.883891187,"rmse":24306.9313887048,"mape":0.109609392},"ab":{"r2":0.8060220909,"rmse":31417.6487130031,"mape":0.1594109991},"gb":{"r2":0.8985958194,"rmse":22715.6659074092,"mape":0.1032165618},"lr":{"r2":0.5346110935,"rmse":48663.7481582642,"mape":0.2056522983},"ml":{"r2":0.8098513222,"rmse":31106.002135136,"mape":0.1416086376},"hg":{"r2":0.8790045227,"rmse":24813.1620091912,"mape":0.1044572076}}