{"rf":{"r2":0.6574776082,"rmse":41748.6105912736,"mape":0.2017299546},"ab":{"r2":0.6225627077,"rmse":43824.8003769126,"mape":0.2137886517},"gb":{"r2":0.6481370426,"rmse":42314.0229110405,"mape":0.2005157465},"lr":{"r2":0.3516940894,"rmse":16928.8011595219,"mape":0.2356974517},"ml":{"r2":0.4721197976,"rmse":51828.0930497872,"mape":0.2454086431},"hg":{"r2":0.6599725314,"rmse":41596.2848626112,"mape":0.1943718}}