{"r2": 0.814998656182215, "rmse": 35230.35158308216, "mape": 0.10519716549263057}