{"r2": 0.7196338054460157, "rmse": 43370.29330510824, "mape": 0.16784130612598358}