{"fold":{"0":0,"1":1,"2":2,"3":3,"4":4},"score":{"0":0.8656716418,"1":0.8134328358,"2":0.8432835821,"3":0.8496240602,"4":0.7819548872}}