{"fold":{"0":0,"1":1,"2":2,"3":3,"4":4},"score":{"0":0.8582089552,"1":0.7835820896,"2":0.8059701493,"3":0.8421052632,"4":0.8345864662}}