{"categorical_features_2_remove": ["categorical_pipe__Ticket_1p_Rare"], "numerical_features_2_remove": ["numerical_pipe_dis__SibSp", "numerical_pipe_dis__Parch", "numerical_pipe_dis__FamilySize"], "mutual_information": {"categorical_pipe__Sex_male": 0.13352395547591556, "numerical_pipe_con__Fare": 0.13075522209737933, "categorical_pipe__Pclass_3": 0.05524426116233094, "categorical_pipe__Ticket_1p_3": 0.05389732284475879, "categorical_pipe__Cabin_1p_missing": 0.04932014287580322, "numerical_pipe_dis__FamilySize": 0.04397965494122036, "categorical_pipe__Embarked_S": 0.04131630797203356, "numerical_pipe_dis__IsAlone": 0.04109780274885999, "numerical_pipe_dis__Parch": 0.036241790814696584, "categorical_pipe__Cabin_missing": 0.03425671292486854, "categorical_pipe__Embarked_mod_C": 0.024083983534093356, "numerical_pipe_dis__SibSp": 0.020052729965150284, "categorical_pipe__Pclass_2": 0.011580043272973572, "numerical_pipe_con__Age": 0.00402297081321823, "categorical_pipe__Embarked_mod_SQ": 0.0016017555524781013, "categorical_pipe__Embarked_C": 0.0, "categorical_pipe__Ticket_1p_2": 0.0, "categorical_pipe__Ticket_1p_Rare": 0.0}}