{"categorical_features_2_remove": ["categorical_pipe__Ticket_1p_Rare"], "numerical_features_2_remove": ["numerical_pipe__SibSp", "numerical_pipe__Parch", "numerical_pipe__FamilySize"], "mutual_information": {"categorical_pipe__Sex_male": 0.16062801404637161, "numerical_pipe__Fare": 0.12243778861687393, "categorical_pipe__Pclass_3": 0.08668477463511781, "categorical_pipe__Cabin_1p_missing": 0.05103494962415889, "categorical_pipe__Cabin_missing": 0.046571732749981054, "numerical_pipe__SibSp": 0.037097833018056026, "categorical_pipe__Embarked_mod_SQ": 0.03297581585974663, "categorical_pipe__Embarked_S": 0.02964369493356611, "categorical_pipe__Pclass_2": 0.024998084925452302, "numerical_pipe__FamilySize": 0.02109367166868048, "categorical_pipe__Embarked_C": 0.013891800709115332, "numerical_pipe__Parch": 0.010272956938126354, "categorical_pipe__Ticket_1p_2": 0.010070273672779129, "numerical_pipe__IsAlone": 0.0021868886143323607, "categorical_pipe__Embarked_mod_C": 0.0006168104513102346, "categorical_pipe__Ticket_1p_Rare": 0.0, "categorical_pipe__Ticket_1p_3": 0.0, "numerical_pipe__Age": 0.0}}