{"xb":{"f1":0.7402597403,"accuracy":0.8206278027,"roc":0.8690981432}}