{"xb":{"f1":0.7058823529,"accuracy":0.798206278,"roc":0.8685676393}}