{"f1": 0.9305019305019305, "accuracy": 0.9461077844311377, "roc_auc_score": 0.9900099384938494, "classificatio_report": {"0": {"precision": 0.9444444444444444, "recall": 0.9678217821782178, "f1-score": 0.9559902200488998, "support": 404.0}, "1": {"precision": 0.9488188976377953, "recall": 0.9128787878787878, "f1-score": 0.9305019305019305, "support": 264.0}, "accuracy": 0.9461077844311377, "macro avg": {"precision": 0.9466316710411198, "recall": 0.9403502850285028, "f1-score": 0.9432460752754152, "support": 668.0}, "weighted avg": {"precision": 0.9461732702573855, "recall": 0.9461077844311377, "f1-score": 0.9459170038207563, "support": 668.0}}}