{"f1": 0.8433734939759037, "accuracy": 0.8832335329341318, "roc_auc_score": 0.947283790879088, "classificatio_report": {"0": {"precision": 0.8755760368663594, "recall": 0.9405940594059405, "f1-score": 0.9069212410501193, "support": 404.0}, "1": {"precision": 0.8974358974358975, "recall": 0.7954545454545454, "f1-score": 0.8433734939759037, "support": 264.0}, "accuracy": 0.8832335329341318, "macro avg": {"precision": 0.8865059671511284, "recall": 0.868024302430243, "f1-score": 0.8751473675130115, "support": 668.0}, "weighted avg": {"precision": 0.8842152631992308, "recall": 0.8832335329341318, "f1-score": 0.8818065625656988, "support": 668.0}}}