{"fold":{"0":0,"1":1,"2":2,"3":3,"4":4},"score":{"0":0.8805970149,"1":0.7835820896,"2":0.828358209,"3":0.7894736842,"4":0.7744360902}}