{"rf":{"f1":0.7272727273,"roc":0.8721485411},"ab":{"f1":0.7042253521,"roc":0.8567197171},"gb":{"f1":0.6993006993,"roc":0.8540671972},"ml":{"f1":0.698630137,"roc":0.8519451813},"hg":{"f1":0.7058823529,"roc":0.8628205128}}