{"categorical_features_2_remove": ["categorical_pipe__Embarked_Q", "categorical_pipe__Ticket_1p_S"], "numerical_features_2_remove": [], "mutual_information": {"categorical_pipe__Sex_male": 0.1353617038228161, "categorical_pipe__Cabin_1p_missing": 0.055168472141396974, "categorical_pipe__Cabin_1p_Rare": 0.052892918247118725, "numerical_pipe__Fare": 0.05121754169326209, "categorical_pipe__Cabin_missing": 0.045611383266690675, "categorical_pipe__Pclass_3": 0.044118425383487425, "numerical_pipe__IsAlone": 0.04288520518174699, "categorical_pipe__Ticket_1p_3": 0.038911743118069, "numerical_pipe__SibSp": 0.03763273656227861, "categorical_pipe__Embarked_C": 0.0342515060285451, "categorical_pipe__Embarked_S": 0.03164972903503638, "numerical_pipe__Age": 0.03130820298046255, "categorical_pipe__Pclass_2": 0.02980374283473264, "numerical_pipe__FamilySize": 0.02932546234935285, "categorical_pipe__Ticket_1p_1": 0.026512181120542655, "categorical_pipe__Embarked_mod_SQ": 0.02492000443659892, "categorical_pipe__Ticket_1p_2": 0.016974615221801548, "categorical_pipe__Ticket_1p_Rare": 0.01292154064661477, "categorical_pipe__Embarked_Q": 0.0, "categorical_pipe__Ticket_1p_S": 0.0, "categorical_pipe__Ticket_1p_P": 0.0, "numerical_pipe__Parch": 0.0, "categorical_pipe__Embarked_mod_C": 0.0}}