{"categorical_features_2_remove": ["categorical_pipe__Embarked_Q", "categorical_pipe__Ticket_1p_S"], "numerical_features_2_remove": [], "mutual_information": {"categorical_pipe__Sex_male": 0.15294742989230437, "numerical_pipe__Fare": 0.08297692483549124, "categorical_pipe__Pclass_3": 0.06879048913122299, "categorical_pipe__Cabin_missing": 0.06221547076026357, "categorical_pipe__Cabin_1p_missing": 0.05933592265287624, "categorical_pipe__Ticket_1p_2": 0.05220833412492398, "numerical_pipe__FamilySize": 0.048781886563099786, "categorical_pipe__Cabin_1p_Rare": 0.038718449214298234, "numerical_pipe__IsAlone": 0.03844846772180732, "categorical_pipe__Embarked_C": 0.031972136258849426, "categorical_pipe__Ticket_1p_3": 0.026578397852032865, "categorical_pipe__Ticket_1p_1": 0.013450901048489117, "categorical_pipe__Ticket_1p_Rare": 0.013345858209844685, "categorical_pipe__Ticket_1p_S": 0.010891184144743438, "numerical_pipe__SibSp": 0.007882841755932235, "categorical_pipe__Ticket_1p_P": 0.003987073340074643, "categorical_pipe__Embarked_mod_SQ": 0.0, "numerical_pipe__Age": 0.0, "categorical_pipe__Embarked_Q": 0.0, "categorical_pipe__Embarked_S": 0.0, "categorical_pipe__Pclass_2": 0.0, "numerical_pipe__Parch": 0.0, "categorical_pipe__Embarked_mod_C": 0.0}}