{"accuracy": 0.7937219730941704, "f1": 0.7125, "recall": 0.7307692307692307, "precision": 0.6951219512195121, "roc_auc": 0.8482316534040671}