{"accuracy": 0.5739910313901345, "f1": 0.5814977973568282, "recall": 0.8461538461538461, "precision": 0.4429530201342282, "roc_auc": 0.775552608311229}