{"fold":{"0":0,"1":1,"2":2,"3":3,"4":4},"score":{"0":0.828358209,"1":0.7686567164,"2":0.7985074627,"3":0.8195488722,"4":0.7819548872}}