{"categorical_features_2_remove": ["categorical_pipe__Ticket_1p_Rare"], "numerical_features_2_remove": ["numerical_pipe__SibSp", "numerical_pipe__Parch", "numerical_pipe__FamilySize"], "mutual_information": {"numerical_pipe__Fare": 0.13856632224437515, "categorical_pipe__Sex_male": 0.12897866815195158, "categorical_pipe__Pclass_3": 0.06470150950646714, "numerical_pipe__FamilySize": 0.06061835041777752, "categorical_pipe__Cabin_1p_missing": 0.047814523773759054, "categorical_pipe__Cabin_missing": 0.047241124774417775, "categorical_pipe__Embarked_C": 0.03430171088631728, "categorical_pipe__Embarked_S": 0.03082193244497322, "numerical_pipe__Parch": 0.02984700401857987, "numerical_pipe__IsAlone": 0.02833255263975154, "categorical_pipe__Embarked_mod_SQ": 0.02480712616610381, "categorical_pipe__Ticket_1p_3": 0.02336618893119069, "numerical_pipe__SibSp": 0.015079099509581528, "categorical_pipe__Ticket_1p_2": 0.012143218307793857, "categorical_pipe__Embarked_mod_C": 0.005246198837488114, "categorical_pipe__Pclass_2": 0.003789684715226116, "categorical_pipe__Ticket_1p_Rare": 0.003329493286777563, "numerical_pipe__Age": 0.0}}