{"categorical_features_2_remove": ["categorical_pipe__Ticket_1p_Rare"], "numerical_features_2_remove": ["numerical_pipe__SibSp", "numerical_pipe__Parch", "numerical_pipe__FamilySize"], "mutual_information": {"categorical_pipe__Sex_male": 0.1297400686704333, "numerical_pipe__Fare": 0.12877990248929905, "categorical_pipe__Pclass_3": 0.06426595863438922, "categorical_pipe__Cabin_missing": 0.06253759630035804, "numerical_pipe__FamilySize": 0.05867813232735597, "categorical_pipe__Embarked_C": 0.0395816648569125, "categorical_pipe__Embarked_mod_C": 0.0367801695047274, "categorical_pipe__Cabin_1p_missing": 0.03353799334740737, "numerical_pipe__IsAlone": 0.03181131383201041, "numerical_pipe__SibSp": 0.02527468388198706, "categorical_pipe__Embarked_S": 0.019884595116183457, "numerical_pipe__Age": 0.013456309650616616, "categorical_pipe__Pclass_2": 0.006899081793843687, "categorical_pipe__Embarked_mod_SQ": 0.005512421939657175, "categorical_pipe__Ticket_1p_3": 0.00543645460510267, "numerical_pipe__Parch": 0.0, "categorical_pipe__Ticket_1p_2": 0.0, "categorical_pipe__Ticket_1p_Rare": 0.0}}