{"lr":{"f1":0.6891891892,"accuracy":0.7937219731,"roc":0.8454907162}}