{"f1": 0.746938775510204, "accuracy": 0.8143712574850299, "roc_auc_score": 0.8607204470447044, "classificatio_report": {"0": {"precision": 0.8167420814479638, "recall": 0.8935643564356436, "f1-score": 0.8534278959810875, "support": 404.0}, "1": {"precision": 0.8097345132743363, "recall": 0.6931818181818182, "f1-score": 0.746938775510204, "support": 264.0}, "accuracy": 0.8143712574850299, "macro avg": {"precision": 0.81323829736115, "recall": 0.7933730873087309, "f1-score": 0.8001833357456458, "support": 668.0}, "weighted avg": {"precision": 0.8139726233673685, "recall": 0.8143712574850299, "f1-score": 0.811342375315948, "support": 668.0}}}