{"numerical_features_2_remove": ["numerical_pipe__OverallCond"], "mutual_information": {"categorical_pipe__Heating_GasA": 3.2891829192123567, "categorical_pipe__CentralAir_Y": 3.142860336856062, "categorical_pipe__SaleType_WD": 2.6440904567431365, "categorical_pipe__SaleCondition_Normal": 2.5782514127962783, "categorical_pipe__BsmtCond_TA": 2.5676038734405124, "categorical_pipe__HouseStyle_Rare": 2.451231520384761, "categorical_pipe__ExterQual_Gd": 2.389004947937407, "categorical_pipe__GarageQual_TA": 2.3341188076455937, "categorical_pipe__BsmtQual_Gd": 2.2743084040081274, "categorical_pipe__ExterQual_TA": 2.2540002942825317, "categorical_pipe__Foundation_PConc": 2.0711188000315763, "categorical_pipe__BsmtQual_TA": 1.999625586468822, "categorical_pipe__KitchenQual_Gd": 1.9954833536309518, "categorical_pipe__KitchenQual_TA": 1.9703007013172118, "categorical_pipe__GarageFinish_Unf": 1.7472477643163957, "categorical_pipe__GarageType_Rare": 1.6984123567487286, "categorical_pipe__Foundation_CBlock": 1.6647877892495302, "categorical_pipe__BsmtExposure_No": 1.5186828229111136, "numerical_pipe__HalfBath": 1.516372964738327, "numerical_pipe__MasVnrArea": 1.2282551203427285, "categorical_pipe__HouseStyle_1Story": 1.1351214765965567, "numerical_pipe__OverallQual": 1.1109281122374126, "numerical_pipe__BedroomAbvGr": 1.0794923635366809, "numerical_pipe__2ndFlrSF": 0.8365183535886489, "numerical_pipe__WoodDeckSF": 0.8329793696681183, "numerical_pipe__OpenPorchSF": 0.745294778400158, "numerical_pipe__OverallCond": 0.6854798840305953, "numerical_pipe__GrLivArea": 0.4231410979323389, "numerical_pipe__BsmtFinSF1": 0.31295200741564955, "numerical_pipe__YearBuilt": 0.3084576618503245, "numerical_pipe__GarageArea": 0.30408678808432654, "numerical_pipe__YearRemodAdd": 0.2837604554519553, "numerical_pipe__TotalBsmtSF": 0.2540140056559448, "numerical_pipe__LotArea": 0.1764812192076617}}