{"rmse": 24645.273173198075, "r2": 0.8806363344192505, "mape": 0.1173725810082005}