{"fold":{"0":0,"1":1,"2":2,"3":3,"4":4},"score":{"0":0.8582089552,"1":0.776119403,"2":0.7985074627,"3":0.8120300752,"4":0.8120300752}}