{"categorical_features_2_remove": ["categorical_pipe__Ticket_1p_Rare"], "numerical_features_2_remove": ["numerical_pipe__SibSp", "numerical_pipe__Parch", "numerical_pipe__FamilySize"], "mutual_information": {"numerical_pipe__Fare": 0.14729900467961143, "categorical_pipe__Sex_male": 0.14277776989599555, "categorical_pipe__Pclass_3": 0.04662242003979955, "categorical_pipe__Cabin_1p_missing": 0.04609351142157103, "categorical_pipe__Cabin_missing": 0.04401940122310655, "numerical_pipe__FamilySize": 0.03636381143212186, "numerical_pipe__Age": 0.028190703888277158, "categorical_pipe__Pclass_2": 0.02522958782750062, "numerical_pipe__SibSp": 0.022828672958124185, "categorical_pipe__Embarked_mod_C": 0.014745916332470133, "categorical_pipe__Embarked_mod_SQ": 0.013605276885960693, "categorical_pipe__Embarked_C": 0.013390264567851862, "numerical_pipe__IsAlone": 0.011694441698409497, "categorical_pipe__Ticket_1p_2": 0.0038251034999268185, "categorical_pipe__Ticket_1p_Rare": 0.0009365981460187633, "categorical_pipe__Embarked_S": 0.0, "categorical_pipe__Ticket_1p_3": 0.0, "numerical_pipe__Parch": 0.0}}