{"rf":{"f1":0.6857142857,"accuracy":0.802690583,"roc":0.8706896552},"ab":{"f1":0.6896551724,"accuracy":0.798206278,"roc":0.8364279399},"gb":{"f1":0.7297297297,"accuracy":0.8206278027,"roc":0.8637488948},"ml":{"f1":0.6887417219,"accuracy":0.7892376682,"roc":0.8539787798},"hg":{"f1":0.7125,"accuracy":0.7937219731,"roc":0.8637046861}}