{"f1": 0.8050847457627118, "accuracy": 0.8622754491017964, "roc_auc_score": 0.91373199819982, "classificatio_report": {"0": {"precision": 0.8391304347826087, "recall": 0.9554455445544554, "f1-score": 0.8935185185185185, "support": 404.0}, "1": {"precision": 0.9134615384615384, "recall": 0.7196969696969697, "f1-score": 0.8050847457627118, "support": 264.0}, "accuracy": 0.8622754491017964, "macro avg": {"precision": 0.8762959866220736, "recall": 0.8375712571257126, "f1-score": 0.8493016321406152, "support": 668.0}, "weighted avg": {"precision": 0.8685067991108084, "recall": 0.8622754491017964, "f1-score": 0.8585686442557445, "support": 668.0}}}