{"fold":{"0":0,"1":1,"2":2,"3":3,"4":4},"score":{"0":0.8656716418,"1":0.7985074627,"2":0.828358209,"3":0.8345864662,"4":0.7969924812}}