{"categorical_features_2_remove": ["categorical_pipe__Embarked_Q", "categorical_pipe__Ticket_1p_S"], "numerical_features_2_remove": [], "mutual_information": {"categorical_pipe__Sex_male": 0.1596764267234434, "numerical_pipe__Fare": 0.08962233658181229, "numerical_pipe__IsAlone": 0.06050577964170323, "categorical_pipe__Pclass_3": 0.05015812541022946, "categorical_pipe__Cabin_1p_missing": 0.04397887253381527, "categorical_pipe__Cabin_missing": 0.04074850581261957, "categorical_pipe__Cabin_1p_Rare": 0.03676570339824514, "numerical_pipe__SibSp": 0.032257544511006486, "categorical_pipe__Embarked_mod_C": 0.031146588302524814, "numerical_pipe__FamilySize": 0.030910128511825175, "categorical_pipe__Ticket_1p_Rare": 0.03033224069463203, "categorical_pipe__Pclass_2": 0.029341938272904322, "categorical_pipe__Ticket_1p_3": 0.02845322347414192, "categorical_pipe__Ticket_1p_1": 0.022069494086111474, "categorical_pipe__Ticket_1p_2": 0.021214268330126407, "numerical_pipe__Parch": 0.019198691087333186, "categorical_pipe__Embarked_S": 0.0071502321422767245, "numerical_pipe__Age": 0.006946769581956502, "categorical_pipe__Embarked_mod_SQ": 0.006838770112154391, "categorical_pipe__Embarked_Q": 0.004355497377218187, "categorical_pipe__Ticket_1p_P": 0.0004300440879925205, "categorical_pipe__Ticket_1p_S": 0.0, "categorical_pipe__Embarked_C": 0.0}}