{"fold":{"0":0,"1":1,"2":2,"3":3,"4":4},"score":{"0":0.8656716418,"1":0.7537313433,"2":0.8059701493,"3":0.8270676692,"4":0.7819548872}}