{"fold":{"0":0,"1":1,"2":2,"3":3,"4":4},"score":{"0":0.8432835821,"1":0.7611940299,"2":0.8059701493,"3":0.8120300752,"4":0.7669172932}}