{"categorical_features_2_remove": ["categorical_pipe__Ticket_1p_Rare"], "numerical_features_2_remove": ["numerical_pipe__SibSp", "numerical_pipe__Parch", "numerical_pipe__FamilySize"], "mutual_information": {"categorical_pipe__Sex_male": 0.16392359137627355, "numerical_pipe__Fare": 0.12797723495698854, "numerical_pipe__FamilySize": 0.05522295397745536, "categorical_pipe__Pclass_3": 0.04396471471637753, "categorical_pipe__Cabin_1p_missing": 0.03126754887403638, "numerical_pipe__Age": 0.03104207612573684, "categorical_pipe__Ticket_1p_3": 0.028224883924022892, "numerical_pipe__SibSp": 0.026250009789089868, "categorical_pipe__Embarked_C": 0.024679353798349846, "categorical_pipe__Ticket_1p_2": 0.024497714121937575, "numerical_pipe__Parch": 0.023791147277657743, "categorical_pipe__Embarked_mod_SQ": 0.01732764665176245, "categorical_pipe__Embarked_S": 0.016006520409520553, "categorical_pipe__Cabin_missing": 0.015979557319834026, "numerical_pipe__IsAlone": 0.009107146008443534, "categorical_pipe__Ticket_1p_Rare": 0.0, "categorical_pipe__Pclass_2": 0.0, "categorical_pipe__Embarked_mod_C": 0.0}}