{"categorical_features_2_remove": ["categorical_pipe__Ticket_1p_Rare"], "numerical_features_2_remove": ["numerical_pipe_dis__SibSp", "numerical_pipe_dis__Parch", "numerical_pipe_dis__FamilySize"], "mutual_information": {"categorical_pipe__Sex_male": 0.16482412211748754, "numerical_pipe_con__Fare": 0.129211623145419, "categorical_pipe__Cabin_1p_missing": 0.0690393816086401, "numerical_pipe_dis__Parch": 0.060097671603499325, "categorical_pipe__Pclass_3": 0.056321639322546746, "categorical_pipe__Embarked_mod_SQ": 0.0506576185761245, "categorical_pipe__Ticket_1p_3": 0.04842043370130433, "categorical_pipe__Cabin_missing": 0.04817045697567379, "numerical_pipe_equalwidth__Fare": 0.04431060026626654, "categorical_pipe__Embarked_C": 0.03917529546958454, "numerical_pipe_dis__FamilySize": 0.03827527757323068, "categorical_pipe__Ticket_1p_2": 0.034958896307736076, "numerical_pipe_con__Age": 0.023112588079141627, "categorical_pipe__Pclass_2": 0.022773373270854602, "categorical_pipe__Embarked_mod_C": 0.020648633580556686, "numerical_pipe_dis__SibSp": 0.007663426343656132, "categorical_pipe__Embarked_S": 0.0, "numerical_pipe_dis__IsAlone": 0.0, "categorical_pipe__Ticket_1p_Rare": 0.0, "numerical_pipe_equalwidth__FamilySize": 0.0, "numerical_pipe_equalwidth__SibSp": 0.0}}