{"categorical_features_2_remove": ["categorical_pipe__Ticket_1p_Rare"], "numerical_features_2_remove": ["numerical_pipe__SibSp", "numerical_pipe__Parch", "numerical_pipe__FamilySize"], "mutual_information": {"categorical_pipe__Sex_male": 0.18098284193355352, "numerical_pipe__Fare": 0.14183434669450246, "categorical_pipe__Pclass_3": 0.08455011548131597, "categorical_pipe__Ticket_1p_3": 0.06878227650318203, "categorical_pipe__Cabin_1p_missing": 0.061135270463661406, "categorical_pipe__Cabin_missing": 0.05871975349549685, "categorical_pipe__Embarked_mod_C": 0.03778192304594308, "categorical_pipe__Embarked_C": 0.030848568975300195, "numerical_pipe__IsAlone": 0.026228925041630102, "numerical_pipe__SibSp": 0.02536056706495704, "numerical_pipe__FamilySize": 0.024774309900877478, "numerical_pipe__Age": 0.017226414654013533, "categorical_pipe__Embarked_mod_SQ": 0.014234940929829909, "numerical_pipe__Parch": 0.011012909784743785, "categorical_pipe__Ticket_1p_2": 0.010857752675518473, "categorical_pipe__Embarked_S": 0.0014413422501933226, "categorical_pipe__Pclass_2": 0.0, "categorical_pipe__Ticket_1p_Rare": 0.0}}