{"categorical_features_2_remove": ["categorical_pipe__Ticket_1p_Rare"], "numerical_features_2_remove": ["numerical_pipe__SibSp", "numerical_pipe__Parch", "numerical_pipe__FamilySize"], "mutual_information": {"categorical_pipe__Sex_male": 0.17649578117036913, "numerical_pipe__Fare": 0.12872283681616548, "categorical_pipe__Cabin_missing": 0.07186992677594595, "categorical_pipe__Cabin_1p_missing": 0.061209468678129264, "categorical_pipe__Embarked_S": 0.05248091382603359, "numerical_pipe__FamilySize": 0.051279317929297186, "numerical_pipe__Parch": 0.04758656792273852, "categorical_pipe__Pclass_3": 0.03778308304437128, "numerical_pipe__Age": 0.032630811990927544, "categorical_pipe__Embarked_C": 0.029462638240347117, "categorical_pipe__Ticket_1p_Rare": 0.028579455364165174, "numerical_pipe__IsAlone": 0.02747922549718118, "categorical_pipe__Pclass_2": 0.011647710582048276, "categorical_pipe__Ticket_1p_3": 0.010705171079115283, "numerical_pipe__SibSp": 0.008538406080708327, "categorical_pipe__Embarked_mod_SQ": 0.007104215095057764, "categorical_pipe__Embarked_mod_C": 0.0063432605044670964, "categorical_pipe__Ticket_1p_2": 0.0}}