{"lr":{"f1":0.6666666667,"accuracy":0.7757847534,"roc":0.8392130858}}