{"lr":{"f1":0.6577181208,"accuracy":0.7713004484,"roc":0.8379752431}}