{"lr":{"f1":0.6578947368,"accuracy":0.7668161435,"roc":0.8381962865}}