{"f1": 0.752, "accuracy": 0.8143712574850299, "roc_auc_score": 0.8639082658265826, "classificatio_report": {"0": {"precision": 0.8240740740740741, "recall": 0.8811881188118812, "f1-score": 0.8516746411483254, "support": 404.0}, "1": {"precision": 0.7966101694915254, "recall": 0.7121212121212122, "f1-score": 0.752, "support": 264.0}, "accuracy": 0.8143712574850299, "macro avg": {"precision": 0.8103421217827997, "recall": 0.7966546654665467, "f1-score": 0.8018373205741627, "support": 668.0}, "weighted avg": {"precision": 0.8132200758558213, "recall": 0.8143712574850299, "f1-score": 0.8122822679998855, "support": 668.0}}}