{"f1": 0.7662082514734774, "accuracy": 0.8218562874251497, "roc_auc_score": 0.8684180918091811, "classificatio_report": {"0": {"precision": 0.8368794326241135, "recall": 0.8762376237623762, "f1-score": 0.8561064087061668, "support": 404.0}, "1": {"precision": 0.7959183673469388, "recall": 0.7386363636363636, "f1-score": 0.7662082514734774, "support": 264.0}, "accuracy": 0.8218562874251497, "macro avg": {"precision": 0.8163988999855261, "recall": 0.8074369936993699, "f1-score": 0.811157330089822, "support": 668.0}, "weighted avg": {"precision": 0.82069122718523, "recall": 0.8218562874251497, "f1-score": 0.8205777956680981, "support": 668.0}}}