{"f1": 0.757396449704142, "accuracy": 0.8158682634730539, "roc_auc_score": 0.8627268976897688, "classificatio_report": {"0": {"precision": 0.8305882352941176, "recall": 0.8737623762376238, "f1-score": 0.8516284680337757, "support": 404.0}, "1": {"precision": 0.7901234567901234, "recall": 0.7272727272727273, "f1-score": 0.757396449704142, "support": 264.0}, "accuracy": 0.8158682634730539, "macro avg": {"precision": 0.8103558460421205, "recall": 0.8005175517551755, "f1-score": 0.8045124588689588, "support": 668.0}, "weighted avg": {"precision": 0.8145961671428384, "recall": 0.8158682634730539, "f1-score": 0.8143870715681718, "support": 668.0}}}