{"fold":{"0":0,"1":1,"2":2,"3":3,"4":4},"score":{"0":0.8,"1":0.7444444444,"2":0.7555555556,"3":0.7777777778,"4":0.7888888889}}