{"rf":{"f1":0.5869565217,"accuracy":0.7466666667,"roc":0.8057484568},"ab":{"f1":0.5869565217,"accuracy":0.7466666667,"roc":0.791087963},"gb":{"f1":0.5869565217,"accuracy":0.7466666667,"roc":0.7853009259},"ml":{"f1":0.0,"accuracy":0.64,"roc":0.6535493827},"hg":{"f1":0.5434782609,"accuracy":0.72,"roc":0.7881944444}}