{"f1": 0.7719298245614035, "accuracy": 0.8555555555555555, "roc_auc_score": 0.949061074061074, "classificatio_report": {"0": {"precision": 0.8620689655172413, "recall": 0.9290540540540541, "f1-score": 0.8943089430894309, "support": 296.0}, "1": {"precision": 0.8396946564885496, "recall": 0.7142857142857143, "f1-score": 0.7719298245614035, "support": 154.0}, "accuracy": 0.8555555555555555, "macro avg": {"precision": 0.8508818110028955, "recall": 0.8216698841698842, "f1-score": 0.8331193838254172, "support": 450.0}, "weighted avg": {"precision": 0.8544119797607558, "recall": 0.8555555555555555, "f1-score": 0.8524280891931726, "support": 450.0}}}