{"categorical_features_2_remove": ["categorical_pipe__Embarked_Q", "categorical_pipe__Ticket_1p_S"], "numerical_features_2_remove": [], "mutual_information": {"categorical_pipe__Sex_male": 0.147798945386433, "numerical_pipe__FamilySize": 0.09531354708917372, "categorical_pipe__Cabin_missing": 0.06948537703748836, "categorical_pipe__Cabin_1p_missing": 0.050371604359797706, "numerical_pipe__Fare": 0.04590071960118203, "categorical_pipe__Embarked_S": 0.04563337082736041, "categorical_pipe__Ticket_1p_3": 0.03688821937448972, "categorical_pipe__Pclass_2": 0.02984286423611837, "categorical_pipe__Pclass_3": 0.027765835265552097, "categorical_pipe__Ticket_1p_Rare": 0.024875414619056402, "numerical_pipe__IsAlone": 0.019122642218853514, "categorical_pipe__Cabin_1p_Rare": 0.01808080816253388, "categorical_pipe__Ticket_1p_2": 0.01595552987172333, "categorical_pipe__Embarked_C": 0.013810809567254001, "categorical_pipe__Ticket_1p_P": 0.011186228278727617, "numerical_pipe__Parch": 0.010010382765435422, "numerical_pipe__SibSp": 0.006643107519301195, "categorical_pipe__Embarked_Q": 0.005909494813371108, "categorical_pipe__Ticket_1p_1": 0.0054537498359614744, "categorical_pipe__Embarked_mod_C": 0.004672391781656904, "categorical_pipe__Ticket_1p_S": 0.0, "categorical_pipe__Embarked_mod_SQ": 0.0, "numerical_pipe__Age": 0.0}}