{"rf":{"f1":0.7034482759,"accuracy":0.8071748879,"roc":0.8744916004},"ab":{"f1":0.7058823529,"accuracy":0.798206278,"roc":0.8577365164},"gb":{"f1":0.7272727273,"accuracy":0.8251121076,"roc":0.8652961981},"lr":{"f1":0.6438356164,"accuracy":0.7668161435,"roc":0.85},"sv":{"f1":0.6861313869,"accuracy":0.8071748879,"roc":0.8586648983},"ml":{"f1":0.7382550336,"accuracy":0.8251121076,"roc":0.8614058355},"hg":{"f1":0.7320261438,"accuracy":0.8161434978,"roc":0.8638815208}}