{"f1": 0.8080808080808081, "accuracy": 0.8577844311377245, "roc_auc_score": 0.9088002550255025, "classificatio_report": {"0": {"precision": 0.8535469107551488, "recall": 0.9232673267326733, "f1-score": 0.8870392390011891, "support": 404.0}, "1": {"precision": 0.8658008658008658, "recall": 0.7575757575757576, "f1-score": 0.8080808080808081, "support": 264.0}, "accuracy": 0.8577844311377245, "macro avg": {"precision": 0.8596738882780073, "recall": 0.8404215421542154, "f1-score": 0.8475600235409986, "support": 668.0}, "weighted avg": {"precision": 0.8583897911923781, "recall": 0.8577844311377245, "f1-score": 0.8558341106134936, "support": 668.0}}}