{"fold":{"0":0,"1":1,"2":2,"3":3,"4":4},"score":{"0":0.7777777778,"1":0.7333333333,"2":0.8111111111,"3":0.7888888889,"4":0.8}}