{"numerical_features_2_remove": [], "mutual_information": {"numerical_pipe__bmi": 0.11846122404158121, "numerical_pipe__glicose": 0.09589188236111057, "numerical_pipe__insulina": 0.08182635639297287, "numerical_pipe__idade": 0.031078722714488638, "numerical_pipe__grossura_pele": 0.028727815673190937, "numerical_pipe__num_gestacoes": 0.026875047132093766, "numerical_pipe__pressao_sanguinea": 0.0, "numerical_pipe__indice_historico": 0.0}}