{"f1": 0.657243816254417, "accuracy": 0.7844444444444445, "roc_auc_score": 0.8481704106704107, "classificatio_report": {"0": {"precision": 0.8099688473520249, "recall": 0.8783783783783784, "f1-score": 0.8427876823338736, "support": 296.0}, "1": {"precision": 0.7209302325581395, "recall": 0.6038961038961039, "f1-score": 0.657243816254417, "support": 154.0}, "accuracy": 0.7844444444444445, "macro avg": {"precision": 0.7654495399550822, "recall": 0.7411372411372412, "f1-score": 0.7500157492941453, "support": 450.0}, "weighted avg": {"precision": 0.7794978547336731, "recall": 0.7844444444444445, "f1-score": 0.7792904481644596, "support": 450.0}}}