{"r2": 0.042427167427167345, "rmse": 0.46427960923947065, "mape": 674742012792099.5}