{"fold":{"0":0,"1":1,"2":2,"3":3,"4":4},"score":{"0":0.7888888889,"1":0.7333333333,"2":0.7444444444,"3":0.8,"4":0.8}}