{"numerical_features_2_remove": [], "mutual_information": {"numerical_pipe__insulina": 0.12768345890169397, "numerical_pipe__bmi": 0.12012229136099362, "numerical_pipe__glicose": 0.08368255904291533, "numerical_pipe__idade": 0.07940934124745191, "numerical_pipe__num_gestacoes": 0.028883136697473333, "numerical_pipe__grossura_pele": 0.02043714468954283, "numerical_pipe__pressao_sanguinea": 0.0, "numerical_pipe__indice_historico": 0.0}}