{"numerical_features_2_remove": [], "mutual_information": {"numerical_pipe__bmi": 0.1148674618638097, "numerical_pipe__insulina": 0.09372069626462465, "numerical_pipe__glicose": 0.09256015773923987, "numerical_pipe__grossura_pele": 0.051846944608554546, "numerical_pipe__idade": 0.02791966249651079, "numerical_pipe__num_gestacoes": 0.024572007972208265, "numerical_pipe__pressao_sanguinea": 0.0, "numerical_pipe__indice_historico": 0.0}}