{"rf":{"f1":0.5656565657,"accuracy":0.7133333333,"roc":0.7976466049},"ab":{"f1":0.5591397849,"accuracy":0.7266666667,"roc":0.7955246914},"gb":{"f1":0.5714285714,"accuracy":0.72,"roc":0.7901234568},"lr":{"f1":0.5977011494,"accuracy":0.7666666667,"roc":0.8169367284},"ml":{"f1":0.623655914,"accuracy":0.7666666667,"roc":0.8180941358},"kn":{"f1":0.5576923077,"accuracy":0.6933333333,"roc":0.7657214506},"hg":{"f1":0.6168224299,"accuracy":0.7266666667,"roc":0.7729552469}}