{"rf":{"f1":0.6055045872,"accuracy":0.7133333333,"roc":0.777970679},"ab":{"f1":0.5111111111,"accuracy":0.7066666667,"roc":0.759837963},"gb":{"f1":0.6095238095,"accuracy":0.7266666667,"roc":0.7550154321},"lr":{"f1":0.5744680851,"accuracy":0.7333333333,"roc":0.8273533951},"ml":{"f1":0.5,"accuracy":0.7066666667,"roc":0.7534722222},"hg":{"f1":0.5142857143,"accuracy":0.66,"roc":0.7584876543}}