{"f1": 0.6621621621621622, "accuracy": 0.7777777777777778, "roc_auc_score": 0.8457353457353458, "classificatio_report": {"0": {"precision": 0.8181818181818182, "recall": 0.8513513513513513, "f1-score": 0.8344370860927153, "support": 296.0}, "1": {"precision": 0.6901408450704225, "recall": 0.6363636363636364, "f1-score": 0.6621621621621622, "support": 154.0}, "accuracy": 0.7777777777777778, "macro avg": {"precision": 0.7541613316261204, "recall": 0.7438574938574938, "f1-score": 0.7482996241274387, "support": 450.0}, "weighted avg": {"precision": 0.7743633518281405, "recall": 0.7777777777777778, "f1-score": 0.775480778792037, "support": 450.0}}}