{"fold":{"0":0,"1":1,"2":2,"3":3,"4":4},"score":{"0":0.8507462687,"1":0.7985074627,"2":0.8059701493,"3":0.8571428571,"4":0.8421052632}}