{"rf":{"f1":0.7323943662,"roc":0.8653404067},"ab":{"f1":0.7092198582,"roc":0.8512820513},"gb":{"f1":0.7123287671,"roc":0.8311229001},"lr":{"f1":0.6993006993,"roc":0.8607427056},"sv":{"f1":0.7260273973,"roc":0.8025641026},"ml":{"f1":0.7248322148,"roc":0.8598143236},"hg":{"f1":0.7123287671,"roc":0.8422634836}}