{"rf":{"f1":0.6811594203,"roc":0.8647214854},"ab":{"f1":0.6901408451,"roc":0.8471706454},"gb":{"f1":0.6808510638,"roc":0.8512820513},"lr":{"f1":0.6891891892,"roc":0.8466843501},"sv":{"f1":0.6666666667,"roc":0.8284703802},"ml":{"f1":0.6853146853,"roc":0.8519893899},"hg":{"f1":0.6861313869,"roc":0.8347480106}}