{"f1": 0.7801980198019802, "accuracy": 0.8338323353293413, "roc_auc_score": 0.8940987848784878, "classificatio_report": {"0": {"precision": 0.8430913348946136, "recall": 0.8910891089108911, "f1-score": 0.8664259927797834, "support": 404.0}, "1": {"precision": 0.8174273858921162, "recall": 0.7462121212121212, "f1-score": 0.7801980198019802, "support": 264.0}, "accuracy": 0.8338323353293413, "macro avg": {"precision": 0.8302593603933649, "recall": 0.8186506150615062, "f1-score": 0.8233120062908819, "support": 668.0}, "weighted avg": {"precision": 0.8329486963666807, "recall": 0.8338323353293413, "f1-score": 0.8323478717226874, "support": 668.0}}}