{"f1": 0.7780126849894292, "accuracy": 0.842814371257485, "roc_auc_score": 0.8938456345634564, "classificatio_report": {"0": {"precision": 0.8257080610021786, "recall": 0.9381188118811881, "f1-score": 0.8783314020857474, "support": 404.0}, "1": {"precision": 0.8803827751196173, "recall": 0.696969696969697, "f1-score": 0.7780126849894292, "support": 264.0}, "accuracy": 0.842814371257485, "macro avg": {"precision": 0.853045418060898, "recall": 0.8175442544254425, "f1-score": 0.8281720435375883, "support": 668.0}, "weighted avg": {"precision": 0.8473160318509867, "recall": 0.842814371257485, "f1-score": 0.8386844839518731, "support": 668.0}}}