{"fold":{"0":0,"1":1,"2":2,"3":3,"4":4},"score":{"0":0.8656716418,"1":0.7910447761,"2":0.7910447761,"3":0.8120300752,"4":0.8195488722}}