{"categorical_features_2_remove": ["categorical_pipe__Ticket_1p_Rare"], "numerical_features_2_remove": ["numerical_pipe_dis__SibSp", "numerical_pipe_dis__Parch", "numerical_pipe_dis__FamilySize"], "mutual_information": {"categorical_pipe__Sex_male": 0.14507337717862834, "numerical_pipe_con__Fare": 0.1319669645780317, "categorical_pipe__Cabin_missing": 0.06360849576385474, "categorical_pipe__Pclass_3": 0.05867319427456419, "categorical_pipe__Ticket_1p_3": 0.047324900119068314, "numerical_pipe_dis__FamilySize": 0.04287514702074691, "categorical_pipe__Cabin_1p_missing": 0.039052989804822635, "categorical_pipe__Ticket_1p_Rare": 0.029190615917229046, "numerical_pipe_con__Age": 0.029086704537989894, "numerical_pipe_dis__IsAlone": 0.02417972766979548, "numerical_pipe_dis__SibSp": 0.018241079421146278, "categorical_pipe__Embarked_mod_C": 0.012243888464404495, "categorical_pipe__Ticket_1p_2": 0.008354380421573993, "categorical_pipe__Embarked_C": 0.0054525193727921195, "categorical_pipe__Embarked_mod_SQ": 0.004262538672557881, "categorical_pipe__Pclass_2": 0.0, "categorical_pipe__Embarked_S": 0.0, "numerical_pipe_dis__Parch": 0.0}}