{"rf":{"f1":0.6853146853,"accuracy":0.798206278,"roc":0.8734305924}}