{"f1": 0.7923728813559322, "accuracy": 0.8532934131736527, "roc_auc_score": 0.9138163816381639, "classificatio_report": {"0": {"precision": 0.8326086956521739, "recall": 0.948019801980198, "f1-score": 0.8865740740740741, "support": 404.0}, "1": {"precision": 0.8990384615384616, "recall": 0.7083333333333334, "f1-score": 0.7923728813559322, "support": 264.0}, "accuracy": 0.8532934131736527, "macro avg": {"precision": 0.8658235785953177, "recall": 0.8281765676567656, "f1-score": 0.8394734777150031, "support": 668.0}, "weighted avg": {"precision": 0.8588623755832816, "recall": 0.8532934131736527, "f1-score": 0.8493448601854672, "support": 668.0}}}