{"fold":{"0":0,"1":1,"2":2,"3":3,"4":4},"score":{"0":0.8731343284,"1":0.7835820896,"2":0.7985074627,"3":0.8496240602,"4":0.8120300752}}