{"fold":{"0":0,"1":1,"2":2,"3":3,"4":4},"score":{"0":0.8582089552,"1":0.7910447761,"2":0.7910447761,"3":0.8345864662,"4":0.7969924812}}