{"fold":{"0":0,"1":1,"2":2,"3":3,"4":4},"score":{"0":0.8507462687,"1":0.7835820896,"2":0.8134328358,"3":0.8120300752,"4":0.7894736842}}