{"categorical_features_2_remove": ["categorical_pipe__Ticket_1p_Rare"], "numerical_features_2_remove": ["numerical_pipe__SibSp", "numerical_pipe__Parch", "numerical_pipe__FamilySize"], "mutual_information": {"categorical_pipe__Sex_male": 0.18454561752157317, "numerical_pipe__Fare": 0.13751960036483402, "categorical_pipe__Cabin_1p_missing": 0.07305893245631179, "numerical_pipe__FamilySize": 0.0576946427132341, "categorical_pipe__Pclass_3": 0.045511374053866405, "numerical_pipe__Age": 0.04185462949532015, "numerical_pipe__SibSp": 0.041688256110766764, "numerical_pipe__IsAlone": 0.035681765984648006, "categorical_pipe__Embarked_mod_SQ": 0.03280809475838975, "categorical_pipe__Embarked_mod_C": 0.032008893073997235, "categorical_pipe__Ticket_1p_3": 0.022227171327734663, "numerical_pipe__Parch": 0.013995708534016993, "categorical_pipe__Cabin_missing": 0.01106038124600528, "categorical_pipe__Pclass_2": 0.009326778870439867, "categorical_pipe__Embarked_S": 0.00540365026292311, "categorical_pipe__Embarked_C": 0.0, "categorical_pipe__Ticket_1p_2": 0.0, "categorical_pipe__Ticket_1p_Rare": 0.0}}