{"categorical_features_2_remove": ["categorical_pipe__Ticket_1p_Rare"], "numerical_features_2_remove": ["numerical_pipe__SibSp", "numerical_pipe__Parch", "numerical_pipe__FamilySize"], "mutual_information": {"categorical_pipe__Sex_male": 0.1480691832777743, "numerical_pipe__Fare": 0.1359410857393799, "categorical_pipe__Pclass_3": 0.07267962279592655, "categorical_pipe__Cabin_1p_missing": 0.06755327140495049, "categorical_pipe__Ticket_1p_Rare": 0.03996949623116852, "numerical_pipe__Age": 0.030627360957147687, "categorical_pipe__Cabin_missing": 0.02845818060007388, "numerical_pipe__FamilySize": 0.021932238103209878, "numerical_pipe__IsAlone": 0.019442407284127716, "categorical_pipe__Embarked_S": 0.012424756984465324, "categorical_pipe__Ticket_1p_3": 0.008834568189354242, "categorical_pipe__Ticket_1p_2": 0.006099097227799888, "categorical_pipe__Pclass_2": 0.005716975087924903, "numerical_pipe__Parch": 0.005701837723947278, "categorical_pipe__Embarked_C": 0.0046236053846269165, "numerical_pipe__SibSp": 0.0, "categorical_pipe__Embarked_mod_SQ": 0.0, "categorical_pipe__Embarked_mod_C": 0.0}}