{"rf":{"f1":0.7133757962,"roc":0.8751105217},"ab":{"f1":0.7142857143,"roc":0.8656498674},"gb":{"f1":0.7027027027,"roc":0.8505747126},"ml":{"f1":0.72,"roc":0.8627320955},"hg":{"f1":0.679245283,"roc":0.8580017683}}