{"rf":{"f1":0.6993006993,"roc":0.8697612732},"ab":{"f1":0.7042253521,"roc":0.8552608311},"gb":{"f1":0.6861313869,"roc":0.8651193634},"ml":{"f1":0.6993006993,"roc":0.8566312997},"hg":{"f1":0.6478873239,"roc":0.8515030946}}