{"rf":{"f1":0.6944444444,"roc":0.8644562334},"ab":{"f1":0.6849315068,"roc":0.8530503979},"gb":{"f1":0.6666666667,"roc":0.8667992927},"ml":{"f1":0.690647482,"roc":0.8623784262},"hg":{"f1":0.7125,"roc":0.8553934571}}