{"f1": 0.7631578947368421, "accuracy": 0.8383233532934131, "roc_auc_score": 0.8949707470747075, "classificatio_report": {"0": {"precision": 0.8109243697478992, "recall": 0.9554455445544554, "f1-score": 0.8772727272727273, "support": 404.0}, "1": {"precision": 0.90625, "recall": 0.6590909090909091, "f1-score": 0.7631578947368421, "support": 264.0}, "accuracy": 0.8383233532934131, "macro avg": {"precision": 0.8585871848739496, "recall": 0.8072682268226823, "f1-score": 0.8202153110047847, "support": 668.0}, "weighted avg": {"precision": 0.8485979721229809, "recall": 0.8383233532934131, "f1-score": 0.8321734521387847, "support": 668.0}}}