{"f1": 0.7927565392354124, "accuracy": 0.8458083832335329, "roc_auc_score": 0.9070797704770478, "classificatio_report": {"0": {"precision": 0.8459770114942529, "recall": 0.9108910891089109, "f1-score": 0.8772348033373063, "support": 404.0}, "1": {"precision": 0.8454935622317596, "recall": 0.7462121212121212, "f1-score": 0.7927565392354124, "support": 264.0}, "accuracy": 0.8458083832335329, "macro avg": {"precision": 0.8457352868630063, "recall": 0.8285516051605161, "f1-score": 0.8349956712863593, "support": 668.0}, "weighted avg": {"precision": 0.8457859477138663, "recall": 0.8458083832335329, "f1-score": 0.8438481839916477, "support": 668.0}}}