{"f1": 0.7855626326963907, "accuracy": 0.8488023952095808, "roc_auc_score": 0.9273552355235524, "classificatio_report": {"0": {"precision": 0.8286334056399133, "recall": 0.9455445544554455, "f1-score": 0.8832369942196532, "support": 404.0}, "1": {"precision": 0.893719806763285, "recall": 0.7007575757575758, "f1-score": 0.7855626326963907, "support": 264.0}, "accuracy": 0.8488023952095808, "macro avg": {"precision": 0.8611766062015991, "recall": 0.8231510651065106, "f1-score": 0.8343998134580219, "support": 668.0}, "weighted avg": {"precision": 0.854356174946156, "recall": 0.8488023952095808, "f1-score": 0.8446351507433939, "support": 668.0}}}